Group A,Group B,Group C,Group D,Group E,Group F
Scottie Scheffler,Jordan Spieth,Brooks Koepka,Cameron Champ,Tiger Woods,Patrick Reed
Rory McIlroy,Tony Finau,Will Zalatoris,Kim Si Woo,Jason Day,Francesco Molnari
Jon Rahm,Justin Thomas,Sam Burns,Dustin Johnson,Joaquin Niemann,Justin Rose
Patrick Cantlay,Collin Morikawa,Cameron Young,Corey Conners,Abraham Ancer,Tommy Fleetwood
Max Homa,Viktor Hovland,Tyrrell Hatton,Hideki Matsuyama,Kurt Kitayama,Tom Hoge
,Xander Schauffele,Matt Fitzpatrick,Shane Lowry,Tom Kim,Robert MacIntyre
,,,Keegan Bradley,,Louis Oosthuizen
,,,Sungjae Im,,Billy Horschel
,,,,,Min Woo Lee
,,,,,Mito Pereira
